region,date,cases,deaths
Belgium,2020-06-18,89,12
Belgium,2020-06-09,122,14
Belgium,2020-06-08,154,15
Belgium,2020-06-07,165,14
Belgium,2020-06-06,140,18
Belgium,2020-06-05,82,26
Belgium,2020-06-04,70,17
Belgium,2020-06-03,98,19
Belgium,2020-06-02,136,19
Belgium,2020-06-01,195,14
Belgium,2020-05-30,212,55
Belgium,2020-05-29,257,24
Belgium,2020-05-28,137,30
Belgium,2020-05-27,113,22
Belgium,2020-05-26,250,32
Belgium,2020-05-25,282,43
Belgium,2020-05-24,299,25
Belgium,2020-05-23,276,26
Belgium,2020-05-22,252,36
Belgium,2020-05-21,192,42
Belgium,2020-05-20,232,28
Belgium,2020-05-19,279,28
Belgium,2020-05-18,291,47
Belgium,2020-05-17,345,46
Belgium,2020-05-16,356,56
Belgium,2020-05-15,307,60
Belgium,2020-05-14,202,82
Belgium,2020-05-13,330,54
Belgium,2020-05-12,368,51
Belgium,2020-05-11,485,75
Belgium,2020-05-10,585,60
Belgium,2020-05-09,591,106
Belgium,2020-05-08,639,76
Belgium,2020-05-07,272,323
Belgium,2020-05-06,242,92
Belgium,2020-05-05,361,80
Belgium,2020-05-04,389,79
Belgium,2020-05-03,485,62
Belgium,2020-05-02,513,109
Belgium,2020-05-01,660,93
Belgium,2020-04-30,525,170
Belgium,2020-04-29,647,124
Belgium,2020-04-28,553,113
Belgium,2020-04-27,809,177
Belgium,2020-04-26,1032,238
Belgium,2020-04-25,1496,189
Belgium,2020-04-24,908,228
Belgium,2020-04-23,933,264
Belgium,2020-04-22,973,170
Belgium,2020-04-21,1487,145
Belgium,2020-04-20,1313,230
Belgium,2020-04-19,1045,290
Belgium,2020-04-18,1329,306
Belgium,2020-04-17,1236,417
Belgium,2020-04-16,2454,283
Belgium,2020-04-15,530,254
Belgium,2020-04-14,942,303
Belgium,2020-04-13,1629,254
Belgium,2020-04-12,1351,327
Belgium,2020-04-11,1684,496
Belgium,2020-04-10,1580,283
Belgium,2020-04-09,1209,205
Belgium,2020-04-08,1380,403
Belgium,2020-04-07,1123,185
Belgium,2020-04-06,1260,164
Belgium,2020-04-05,1661,140
Belgium,2020-04-04,1422,132
Belgium,2020-04-03,1384,183
Belgium,2020-04-02,1189,123
Belgium,2020-04-01,876,192
Belgium,2020-03-31,1063,82
Belgium,2020-03-30,1702,78
Belgium,2020-03-29,1850,64
Belgium,2020-03-28,1049,69
Belgium,2020-03-27,1298,42
Belgium,2020-03-26,668,56
Belgium,2020-03-25,526,34
Belgium,2020-03-24,342,13
Belgium,2020-03-22,558,30
Belgium,2020-03-21,462,16
Belgium,2020-03-18,158,0
Belgium,2020-03-16,197,0
Belgium,2020-03-14,160,0
Belgium,2020-03-13,85,0
Belgium,2020-03-11,28,0
Belgium,2020-03-10,39,0
Belgium,2020-03-09,31,0
Belgium,2020-03-08,60,0
Belgium,2020-03-07,59,0
Belgium,2020-03-06,27,0
Belgium,2020-03-05,10,0
Belgium,2020-03-04,5,0
Belgium,2020-03-03,6,0
Belgium,2020-03-02,1,0
Belgium,2020-03-01,0,0
Belgium,2020-02-29,0,0
Belgium,2020-02-28,0,0
Belgium,2020-02-27,0,0
Belgium,2020-02-26,0,0
Belgium,2020-02-25,0,0
Belgium,2020-02-24,0,0
Belgium,2020-02-23,0,0
Belgium,2020-02-22,0,0
Belgium,2020-02-21,0,0
Belgium,2020-02-20,0,0
Belgium,2020-02-19,0,0
Belgium,2020-02-18,0,0
Belgium,2020-02-17,0,0
Belgium,2020-02-16,0,0
Belgium,2020-02-15,0,0
Belgium,2020-02-14,0,0
Belgium,2020-02-13,0,0
Belgium,2020-02-12,0,0
Belgium,2020-02-11,0,0
Belgium,2020-02-10,0,0
Belgium,2020-02-09,0,0
Belgium,2020-02-08,0,0
Belgium,2020-02-07,0,0
Belgium,2020-02-06,0,0
Belgium,2020-02-05,0,0
Belgium,2020-02-04,1,0
Belgium,2020-02-03,0,0
Belgium,2020-02-02,0,0
Belgium,2020-02-01,0,0
Belgium,2020-01-31,0,0
Belgium,2020-01-30,0,0
Belgium,2020-01-29,0,0
Belgium,2020-01-28,0,0
Belgium,2020-01-27,0,0
Belgium,2020-01-26,0,0
Belgium,2020-01-25,0,0
Belgium,2020-01-24,0,0
Belgium,2020-01-23,0,0
Belgium,2020-01-22,0,0
Belgium,2020-01-21,0,0
Belgium,2020-01-20,0,0
Belgium,2020-01-19,0,0
Belgium,2020-01-18,0,0
Belgium,2020-01-17,0,0
Belgium,2020-01-16,0,0
Belgium,2020-01-15,0,0
Belgium,2020-01-14,0,0
Belgium,2020-01-13,0,0
Belgium,2020-01-12,0,0
Belgium,2020-01-11,0,0
Belgium,2020-01-10,0,0
Belgium,2020-01-09,0,0
Belgium,2020-01-08,0,0
Belgium,2020-01-07,0,0
Belgium,2020-01-06,0,0
Belgium,2020-01-05,0,0
Belgium,2020-01-04,0,0
Belgium,2020-01-03,0,0
Belgium,2020-01-02,0,0
Belgium,2020-01-01,0,0
Belgium,2019-12-31,0,0
Belgium,2020-03-17,199,1
Belgium,2020-03-15,130,1
Belgium,2020-06-17,55,2
Belgium,2020-03-12,47,3
Belgium,2020-06-14,99,4
Belgium,2020-06-15,111,5
Belgium,2020-06-16,71,6
Belgium,2020-06-12,142,7
Belgium,2020-03-20,309,7
Belgium,2020-06-19,104,8
Belgium,2020-03-23,586,8
Belgium,2020-03-19,243,9
Belgium,2020-06-13,108,10
Belgium,2020-06-11,132,10
Belgium,2020-06-10,89,10
Belgium,2020-05-31,125,10
New York City,2020-04-04,6333,573
New York City,2020-04-05,4452,425
New York City,2020-04-06,4827,1211
New York City,2020-04-18,4049,128
New York City,2020-03-29,3064,166
New York City,2020-03-30,4392,211
New York City,2020-03-31,5143,273
New York City,2020-04-01,4396,373
New York City,2020-04-02,4486,304
New York City,2020-04-03,5541,496
New York City,2020-04-07,4945,774
New York City,2020-04-08,5175,810
New York City,2020-04-09,5454,808
New York City,2020-04-10,5575,732
New York City,2020-04-11,6138,753
New York City,2020-04-12,5099,714
New York City,2020-04-13,3767,648
New York City,2020-04-14,3926,761
New York City,2020-04-15,8021,709
New York City,2020-04-16,4970,543
New York City,2020-04-17,4380,174
New York City,2020-04-19,3318,1221
New York City,2020-04-20,2511,442
New York City,2020-04-21,2666,439
New York City,2020-04-22,3240,446
New York City,2020-04-23,3540,402
New York City,2020-04-24,4754,393
New York City,2020-04-25,4770,392
New York City,2020-04-26,3255,340
New York City,2020-04-27,2357,335
New York City,2020-04-28,2024,385
New York City,2020-04-29,2637,391
New York City,2020-04-30,2660,212
New York City,2020-05-01,2147,122
New York City,2020-05-02,2559,90
New York City,2020-05-03,2238,430
New York City,2020-05-04,1306,129
New York City,2020-05-05,1284,139
New York City,2020-05-06,1452,274
New York City,2020-05-07,1883,148
New York City,2020-05-08,1504,69
New York City,2020-05-09,1506,114
New York City,2020-05-10,993,112
New York City,2020-05-11,890,127
New York City,2020-05-12,774,173
New York City,2020-05-13,1074,79
New York City,2020-05-14,1269,89
New York City,2020-05-15,1809,68
New York City,2020-05-16,1009,99
New York City,2020-05-17,1005,143
New York City,2020-05-18,628,84
New York City,2020-05-19,596,78
New York City,2020-05-20,682,46
New York City,2020-05-21,1115,69
New York City,2020-05-22,791,78
New York City,2020-05-23,764,52
New York City,2020-05-24,869,76
New York City,2020-05-25,638,43
New York City,2020-05-26,542,55
New York City,2020-05-27,670,49
New York City,2020-05-28,1073,51
New York City,2020-05-29,946,65
New York City,2020-05-30,739,31
New York City,2020-05-31,546,59
New York City,2020-06-01,465,40
New York City,2020-06-02,645,42
New York City,2020-06-03,493,38
New York City,2020-06-04,539,64
New York City,2020-06-05,501,28
New York City,2020-06-06,546,32
New York City,2020-06-07,454,29
New York City,2020-06-08,394,33
New York City,2020-06-09,347,40
New York City,2020-06-10,415,40
New York City,2020-06-11,387,32
New York City,2020-06-12,436,51
New York City,2020-06-13,535,32
New York City,2020-06-14,385,27
New York City,2020-06-15,384,22
New York City,2020-06-16,331,19
New York City,2020-06-17,344,26
New York City,2020-06-18,327,28
New York City,2020-03-22,2839,44
New York City,2020-03-23,3264,36
New York City,2020-03-24,2614,75
New York City,2020-03-25,5118,100
New York City,2020-03-26,3121,105
New York City,2020-03-27,2327,125
New York City,2020-03-28,5410,265
New York City,2020-03-09,6,0
New York City,2020-03-10,17,0
New York City,2020-03-11,15,0
New York City,2020-03-12,44,0
New York City,2020-03-13,59,0
New York City,2020-03-14,114,1
New York City,2020-03-15,61,4
New York City,2020-03-16,134,2
New York City,2020-03-17,182,4
New York City,2020-03-18,698,14
New York City,2020-03-19,1133,6
New York City,2020-03-20,1942,23
New York City,2020-03-21,1807,21
New York City,2020-03-05,2,0
New York City,2020-03-06,1,0
New York City,2020-03-07,7,0
New York City,2020-03-08,2,0
New York City,2020-03-02,0,0
New York City,2020-03-03,1,0
New York City,2020-03-04,0,0
Washington,2020-01-22,0,0
Washington,2020-01-23,0,0
Washington,2020-01-24,0,0
Washington,2020-01-25,0,0
Washington,2020-01-26,0,0
Washington,2020-01-27,0,0
Washington,2020-01-28,0,0
Washington,2020-01-29,0,0
Washington,2020-01-30,0,0
Washington,2020-01-31,0,0
Washington,2020-02-01,0,0
Washington,2020-02-02,0,0
Washington,2020-02-03,0,0
Washington,2020-02-04,0,0
Washington,2020-02-05,0,0
Washington,2020-02-06,0,0
Washington,2020-02-07,0,0
Washington,2020-02-08,0,0
Washington,2020-02-09,0,0
Washington,2020-02-10,0,0
Washington,2020-02-11,0,0
Washington,2020-02-12,0,0
Washington,2020-02-13,0,0
Washington,2020-02-14,0,0
Washington,2020-02-15,0,0
Washington,2020-02-16,0,0
Washington,2020-02-17,0,0
Washington,2020-02-18,0,0
Washington,2020-02-19,0,0
Washington,2020-02-20,0,0
Washington,2020-02-21,0,0
Washington,2020-02-22,0,0
Washington,2020-02-23,0,0
Washington,2020-02-24,4,0
Washington,2020-02-25,0,0
Washington,2020-02-26,0,0
Washington,2020-02-27,0,0
Washington,2020-02-28,2,0
Washington,2020-02-29,3,1
Washington,2020-03-01,7,2
Washington,2020-03-02,6,3
Washington,2020-03-03,9,4
Washington,2020-03-04,15,1
Washington,2020-03-05,28,0
Washington,2020-03-06,11,1
Washington,2020-03-07,24,4
Washington,2020-03-08,31,3
Washington,2020-03-09,38,3
Washington,2020-03-10,100,2
Washington,2020-03-11,59,5
Washington,2020-03-12,81,3
Washington,2020-03-13,92,5
Washington,2020-03-14,98,3
Washington,2020-03-15,66,2
Washington,2020-03-16,119,6
Washington,2020-03-17,114,6
Washington,2020-03-18,118,14
Washington,2020-03-19,202,7
Washington,2020-03-20,176,8
Washington,2020-03-21,251,12
Washington,2020-03-22,189,2
Washington,2020-03-23,257,13
Washington,2020-03-24,368,13
Washington,2020-03-25,116,7
Washington,2020-03-26,623,21
Washington,2020-03-27,562,26
Washington,2020-03-28,541,14
Washington,2020-03-29,586,16
Washington,2020-03-30,283,14
Washington,2020-03-31,113,5
Washington,2020-04-01,296,23
Washington,2020-04-02,997,23
Washington,2020-04-03,381,21
Washington,2020-04-04,532,25
Washington,2020-04-05,486,26
Washington,2020-04-06,400,39
Washington,2020-04-07,298,26
Washington,2020-04-08,415,21
Washington,2020-04-09,511,26
Washington,2020-04-10,279,27
Washington,2020-04-11,339,15
Washington,2020-04-12,187,13
Washington,2020-04-13,133,14
Washington,2020-04-14,164,27
Washington,2020-04-15,95,20
Washington,2020-04-16,374,16
Washington,2020-04-17,299,22
Washington,2020-04-18,371,19
Washington,2020-04-19,14,8
Washington,2020-04-20,391,24
Washington,2020-04-21,155,22
Washington,2020-04-22,196,13
Washington,2020-04-23,375,21
Washington,2020-04-24,216,14
Washington,2020-04-25,368,12
Washington,2020-04-26,179,14
Washington,2020-04-27,214,14
Washington,2020-04-28,207,21
Washington,2020-04-29,325,13
Washington,2020-04-30,324,17
Washington,2020-05-01,320,7
Washington,2020-05-02,249,4
Washington,2020-05-03,560,7
Washington,2020-05-04,104,6
Washington,2020-05-05,187,17
Washington,2020-05-06,639,18
Washington,2020-05-07,314,22
Washington,2020-05-08,290,12
Washington,2020-05-09,152,10
Washington,2020-05-10,152,14
Washington,2020-05-11,391,18
Washington,2020-05-12,210,15
Washington,2020-05-13,110,5
Washington,2020-05-14,369,14
Washington,2020-05-15,270,17
Washington,2020-05-16,205,7
Washington,2020-05-17,178,1
Washington,2020-05-18,242,4
Washington,2020-05-19,232,22
Washington,2020-05-20,122,3
Washington,2020-05-21,170,9
Washington,2020-05-22,246,7
Washington,2020-05-23,214,1
Washington,2020-05-24,249,7
Washington,2020-05-25,276,7
Washington,2020-05-26,273,15
Washington,2020-05-27,287,15
Washington,2020-05-28,266,10
Washington,2020-05-29,286,4
Washington,2020-05-30,241,6
Washington,2020-05-31,196,0
Washington,2020-06-01,458,7
Washington,2020-06-02,336,6
Washington,2020-06-03,168,6
Washington,2020-06-04,223,5
Washington,2020-06-05,547,10
Washington,2020-06-06,221,3
Washington,2020-06-07,297,0
Washington,2020-06-08,529,5
Washington,2020-06-09,203,13
Washington,2020-06-10,144,2
Washington,2020-06-11,232,15
Washington,2020-06-12,404,9
Washington,2020-06-13,344,9
Washington,2020-06-14,215,4
Washington,2020-06-15,442,3
Washington,2020-06-16,372,11
Washington,2020-06-17,321,-5
Washington,2020-06-18,393,17
Seattle,2020-04-07,155,8
Seattle,2020-04-08,202,14
Seattle,2020-04-09,198,14
Seattle,2020-04-10,231,19
Seattle,2020-04-11,145,7
Seattle,2020-04-12,164,8
Seattle,2020-04-13,123,4
Seattle,2020-04-14,71,7
Seattle,2020-04-15,77,9
Seattle,2020-04-16,112,8
Seattle,2020-04-17,93,11
Seattle,2020-04-18,161,9
Seattle,2020-04-19,109,6
Seattle,2020-03-24,112,7
Seattle,2020-03-25,82,6
Seattle,2020-03-26,219,10
Seattle,2020-03-27,251,16
Seattle,2020-03-28,249,11
Seattle,2020-03-29,84,8
Seattle,2020-03-30,169,6
Seattle,2020-03-31,0,0
Seattle,2020-04-01,166,14
Seattle,2020-04-02,160,11
Seattle,2020-04-03,131,11
Seattle,2020-04-04,111,16
Seattle,2020-04-05,269,6
Seattle,2020-04-06,164,14
Seattle,2020-04-20,121,14
Seattle,2020-04-21,86,12
Seattle,2020-04-22,70,7
Seattle,2020-04-23,120,5
Seattle,2020-04-24,120,7
Seattle,2020-04-25,122,8
Seattle,2020-04-26,101,9
Seattle,2020-04-27,78,8
Seattle,2020-04-28,64,11
Seattle,2020-04-29,128,9
Seattle,2020-04-30,126,10
Seattle,2020-05-01,99,3
Seattle,2020-05-02,98,5
Seattle,2020-05-03,113,5
Seattle,2020-05-04,-36,4
Seattle,2020-05-05,71,6
Seattle,2020-05-06,117,5
Seattle,2020-05-07,93,6
Seattle,2020-05-08,77,5
Seattle,2020-05-09,60,5
Seattle,2020-05-10,46,10
Seattle,2020-05-11,69,5
Seattle,2020-05-12,64,6
Seattle,2020-05-13,42,3
Seattle,2020-05-14,86,0
Seattle,2020-05-15,53,7
Seattle,2020-05-16,80,5
Seattle,2020-05-17,40,1
Seattle,2020-05-18,49,1
Seattle,2020-05-19,53,6
Seattle,2020-05-20,35,0
Seattle,2020-05-21,28,5
Seattle,2020-05-22,52,3
Seattle,2020-05-23,67,0
Seattle,2020-05-24,55,5
Seattle,2020-05-25,60,3
Seattle,2020-05-26,17,2
Seattle,2020-05-27,35,7
Seattle,2020-05-28,55,3
Seattle,2020-05-29,20,2
Seattle,2020-05-30,48,3
Seattle,2020-05-31,105,0
Seattle,2020-06-01,33,2
Seattle,2020-06-02,43,1
Seattle,2020-06-03,42,3
Seattle,2020-06-04,56,1
Seattle,2020-06-05,63,2
Seattle,2020-06-06,21,0
Seattle,2020-06-07,48,2
Seattle,2020-06-08,42,1
Seattle,2020-06-09,29,1
Seattle,2020-06-10,23,0
Seattle,2020-06-11,25,3
Seattle,2020-06-12,60,3
Seattle,2020-06-13,56,5
Seattle,2020-06-14,51,0
Seattle,2020-06-15,46,1
Seattle,2020-06-16,58,3
Seattle,2020-06-17,38,-4
Seattle,2020-06-18,94,6
Seattle,2020-03-19,130,4
Seattle,2020-03-20,101,7
Seattle,2020-03-21,141,8
Seattle,2020-03-22,101,1
Seattle,2020-03-23,130,11
Seattle,2020-03-05,19,0
Seattle,2020-03-06,7,1
Seattle,2020-03-07,13,4
Seattle,2020-03-08,19,2
Seattle,2020-03-09,26,3
Seattle,2020-03-10,74,2
Seattle,2020-03-11,44,4
Seattle,2020-03-12,36,1
Seattle,2020-03-13,58,5
Seattle,2020-03-14,60,3
Seattle,2020-03-15,32,2
Seattle,2020-03-16,68,6
Seattle,2020-03-17,29,3
Seattle,2020-03-18,45,10
Seattle,2020-02-29,3,1
Seattle,2020-03-01,7,2
Seattle,2020-03-02,4,3
Seattle,2020-03-03,7,4
Seattle,2020-03-04,11,1
Seattle,2020-01-22,0,0
Seattle,2020-01-23,0,0
Seattle,2020-01-24,0,0
Seattle,2020-01-25,0,0
Seattle,2020-01-26,0,0
Seattle,2020-01-27,0,0
Seattle,2020-01-28,0,0
Seattle,2020-01-29,0,0
Seattle,2020-01-30,0,0
Seattle,2020-01-31,0,0
Seattle,2020-02-01,0,0
Seattle,2020-02-02,0,0
Seattle,2020-02-03,0,0
Seattle,2020-02-04,0,0
Seattle,2020-02-05,0,0
Seattle,2020-02-06,0,0
Seattle,2020-02-07,0,0
Seattle,2020-02-08,0,0
Seattle,2020-02-09,0,0
Seattle,2020-02-10,0,0
Seattle,2020-02-11,0,0
Seattle,2020-02-12,0,0
Seattle,2020-02-13,0,0
Seattle,2020-02-14,0,0
Seattle,2020-02-15,0,0
Seattle,2020-02-16,0,0
Seattle,2020-02-17,0,0
Seattle,2020-02-18,0,0
Seattle,2020-02-19,0,0
Seattle,2020-02-20,0,0
Seattle,2020-02-21,0,0
Seattle,2020-02-22,0,0
Seattle,2020-02-23,0,0
Seattle,2020-02-24,0,0
Seattle,2020-02-25,0,0
Seattle,2020-02-26,0,0
Seattle,2020-02-27,0,0
Seattle,2020-02-28,0,0
New York,2020-03-02,0,0
New York,2020-03-03,1,0
New York,2020-03-04,9,0
New York,2020-03-05,11,0
New York,2020-03-06,22,0
New York,2020-03-07,45,0
New York,2020-03-08,17,0
New York,2020-03-09,36,0
New York,2020-03-10,31,0
New York,2020-03-11,44,0
New York,2020-03-12,109,0
New York,2020-03-13,95,0
New York,2020-03-14,189,2
New York,2020-03-15,122,4
New York,2020-03-16,218,4
New York,2020-03-17,425,8
New York,2020-03-18,1012,14
New York,2020-03-19,1774,7
New York,2020-03-20,2952,29
New York,2020-03-21,3258,27
New York,2020-03-22,4817,47
New York,2020-03-23,5711,41
New York,2020-03-24,4804,73
New York,2020-03-25,7413,119
New York,2020-03-26,5941,127
New York,2020-03-27,5688,143
New York,2020-03-28,8771,290
New York,2020-03-29,6267,245
New York,2020-03-30,7679,332
New York,2020-03-31,8749,417
New York,2020-04-01,8152,486
New York,2020-04-02,8608,548
New York,2020-04-03,10680,753
New York,2020-04-04,12312,819
New York,2020-04-05,8122,800
New York,2020-04-06,7976,795
New York,2020-04-07,9642,1055
New York,2020-04-08,9568,953
New York,2020-04-09,10765,1028
New York,2020-04-10,10794,996
New York,2020-04-11,10160,997
New York,2020-04-12,8435,957
New York,2020-04-13,6548,882
New York,2020-04-14,7402,1003
New York,2020-04-15,11755,936
New York,2020-04-16,8631,732
New York,2020-04-17,7532,804
New York,2020-04-18,7249,668
New York,2020-04-19,6199,652
New York,2020-04-20,4867,619
New York,2020-04-21,4324,628
New York,2020-04-22,5659,607
New York,2020-04-23,6341,565
New York,2020-04-24,8286,547
New York,2020-04-25,10683,567
New York,2020-04-26,6013,478
New York,2020-04-27,4077,463
New York,2020-04-28,3285,510
New York,2020-04-29,4718,510
New York,2020-04-30,4702,329
New York,2020-05-01,3879,225
New York,2020-05-02,4559,194
New York,2020-05-03,3699,541
New York,2020-05-04,2524,212
New York,2020-05-05,2302,240
New York,2020-05-06,2746,928
New York,2020-05-07,3526,250
New York,2020-05-08,2873,152
New York,2020-05-09,2715,226
New York,2020-05-10,2138,214
New York,2020-05-11,1610,205
New York,2020-05-12,1438,279
New York,2020-05-13,2123,166
New York,2020-05-14,2364,169
New York,2020-05-15,2759,138
New York,2020-05-16,2185,198
New York,2020-05-17,1901,215
New York,2020-05-18,1241,134
New York,2020-05-19,1479,135
New York,2020-05-20,1478,103
New York,2020-05-21,2078,123
New York,2020-05-22,1678,139
New York,2020-05-23,1754,98
New York,2020-05-24,1601,146
New York,2020-05-25,1279,92
New York,2020-05-26,1044,103
New York,2020-05-27,1132,98
New York,2020-05-28,1758,99
New York,2020-05-29,1549,97
New York,2020-05-30,1363,77
New York,2020-05-31,1104,87
New York,2020-06-01,945,67
New York,2020-06-02,1361,81
New York,2020-06-03,1043,71
New York,2020-06-04,1053,93
New York,2020-06-05,1042,55
New York,2020-06-06,1083,57
New York,2020-06-07,777,60
New York,2020-06-08,712,56
New York,2020-06-09,690,70
New York,2020-06-10,664,67
New York,2020-06-11,724,55
New York,2020-06-12,821,80
New York,2020-06-13,912,54
New York,2020-06-14,694,40
New York,2020-06-15,623,40
New York,2020-06-16,630,38
New York,2020-06-17,561,39
New York,2020-06-18,626,45
Sweden,2020-06-19,1481,12
Sweden,2020-06-18,1239,102
Sweden,2020-06-17,940,48
Sweden,2020-06-16,769,17
Sweden,2020-06-14,1247,20
Sweden,2020-06-13,1396,40
Sweden,2020-06-12,1474,19
Sweden,2020-06-11,890,78
Sweden,2020-06-10,791,23
Sweden,2020-06-09,403,35
Sweden,2020-06-07,948,17
Sweden,2020-06-06,1056,77
Sweden,2020-06-05,1080,20
Sweden,2020-06-04,2214,74
Sweden,2020-06-03,775,65
Sweden,2020-05-31,637,45
Sweden,2020-05-30,749,84
Sweden,2020-05-29,639,46
Sweden,2020-05-28,648,95
Sweden,2020-05-27,597,96
Sweden,2020-05-26,384,31
Sweden,2020-05-24,379,67
Sweden,2020-05-23,637,54
Sweden,2020-05-22,649,40
Sweden,2020-05-21,724,88
Sweden,2020-05-20,422,45
Sweden,2020-05-19,234,19
Sweden,2020-05-17,470,28
Sweden,2020-05-16,625,117
Sweden,2020-05-15,673,69
Sweden,2020-05-14,637,147
Sweden,2020-05-13,602,57
Sweden,2020-05-12,348,31
Sweden,2020-05-10,656,45
Sweden,2020-05-09,642,135
Sweden,2020-05-08,705,99
Sweden,2020-05-07,702,87
Sweden,2020-05-06,495,85
Sweden,2020-05-05,404,90
Sweden,2020-05-03,562,16
Sweden,2020-05-02,428,67
Sweden,2020-05-01,790,124
Sweden,2020-04-30,681,107
Sweden,2020-04-29,695,81
Sweden,2020-04-28,286,80
Sweden,2020-04-26,610,40
Sweden,2020-04-25,812,131
Sweden,2020-04-24,751,84
Sweden,2020-04-23,682,172
Sweden,2020-04-22,545,185
Sweden,2020-04-21,392,40
Sweden,2020-04-20,563,29
Sweden,2020-04-19,606,111
Sweden,2020-04-18,676,67
Sweden,2020-04-17,613,130
Sweden,2020-04-16,482,170
Sweden,2020-04-15,497,114
Sweden,2020-04-14,465,20
Sweden,2020-04-13,332,12
Sweden,2020-04-12,466,17
Sweden,2020-04-11,544,77
Sweden,2020-04-10,722,106
Sweden,2020-04-09,726,96
Sweden,2020-04-08,487,114
Sweden,2020-04-07,376,76
Sweden,2020-04-06,387,28
Sweden,2020-04-05,365,40
Sweden,2020-04-04,612,51
Sweden,2020-04-03,519,43
Sweden,2020-04-02,512,59
Sweden,2020-04-01,407,34
Sweden,2020-03-31,328,36
Sweden,2020-03-28,240,26
Sweden,2020-03-27,296,24
Sweden,2020-03-25,256,11
Sweden,2020-06-15,683,0
Sweden,2020-06-01,429,0
Sweden,2020-03-20,122,0
Sweden,2020-03-15,149,0
Sweden,2020-03-14,155,0
Sweden,2020-03-13,158,0
Sweden,2020-03-11,78,0
Sweden,2020-03-10,45,0
Sweden,2020-03-09,42,0
Sweden,2020-03-08,24,0
Sweden,2020-03-07,76,0
Sweden,2020-03-06,26,0
Sweden,2020-03-05,11,0
Sweden,2020-03-04,9,0
Sweden,2020-03-03,1,0
Sweden,2020-03-02,1,0
Sweden,2020-03-01,1,0
Sweden,2020-02-29,5,0
Sweden,2020-02-28,5,0
Sweden,2020-02-27,1,0
Sweden,2020-02-26,0,0
Sweden,2020-02-25,0,0
Sweden,2020-02-24,0,0
Sweden,2020-02-23,0,0
Sweden,2020-02-22,0,0
Sweden,2020-02-21,0,0
Sweden,2020-02-20,0,0
Sweden,2020-02-19,0,0
Sweden,2020-02-18,0,0
Sweden,2020-02-17,0,0
Sweden,2020-02-16,0,0
Sweden,2020-02-15,0,0
Sweden,2020-02-14,0,0
Sweden,2020-02-13,0,0
Sweden,2020-02-12,0,0
Sweden,2020-02-11,0,0
Sweden,2020-02-10,0,0
Sweden,2020-02-09,0,0
Sweden,2020-02-08,0,0
Sweden,2020-02-07,0,0
Sweden,2020-02-06,0,0
Sweden,2020-02-05,0,0
Sweden,2020-02-04,0,0
Sweden,2020-02-03,0,0
Sweden,2020-02-02,0,0
Sweden,2020-02-01,1,0
Sweden,2020-01-31,0,0
Sweden,2020-01-30,0,0
Sweden,2020-01-29,0,0
Sweden,2020-01-28,0,0
Sweden,2020-01-27,0,0
Sweden,2020-01-26,0,0
Sweden,2020-01-25,0,0
Sweden,2020-01-24,0,0
Sweden,2020-01-23,0,0
Sweden,2020-01-22,0,0
Sweden,2020-01-21,0,0
Sweden,2020-01-20,0,0
Sweden,2020-01-19,0,0
Sweden,2020-01-18,0,0
Sweden,2020-01-17,0,0
Sweden,2020-01-16,0,0
Sweden,2020-01-15,0,0
Sweden,2020-01-14,0,0
Sweden,2020-01-13,0,0
Sweden,2020-01-12,0,0
Sweden,2020-01-11,0,0
Sweden,2020-01-10,0,0
Sweden,2020-01-09,0,0
Sweden,2020-01-08,0,0
Sweden,2020-01-07,0,0
Sweden,2020-01-06,0,0
Sweden,2020-01-05,0,0
Sweden,2020-01-04,0,0
Sweden,2020-01-03,0,0
Sweden,2020-01-02,0,0
Sweden,2020-01-01,0,0
Sweden,2019-12-31,0,0
Sweden,2020-03-23,160,1
Sweden,2020-03-18,46,1
Sweden,2020-03-12,136,1
Sweden,2020-04-27,463,2
Sweden,2020-03-19,134,2
Sweden,2020-03-16,108,2
Sweden,2020-06-08,843,3
Sweden,2020-03-24,110,4
Sweden,2020-03-22,123,4
Sweden,2020-03-17,89,4
Sweden,2020-05-18,466,5
Sweden,2020-05-11,401,5
Sweden,2020-05-25,271,6
Sweden,2020-03-26,238,6
Sweden,2020-03-21,200,6
Sweden,2020-06-02,272,8
Sweden,2020-03-30,253,8
Sweden,2020-05-04,235,10
Sweden,2020-03-29,401,10
Norway,2020-04-25,63,11
Norway,2020-04-24,95,11
Norway,2020-04-19,193,12
Norway,2020-04-15,78,13
Norway,2020-04-14,73,11
Norway,2020-04-09,147,11
Norway,2020-06-17,0,0
Norway,2020-06-16,25,0
Norway,2020-06-15,0,0
Norway,2020-06-14,0,0
Norway,2020-06-13,12,0
Norway,2020-06-11,13,0
Norway,2020-06-10,16,0
Norway,2020-06-08,0,0
Norway,2020-06-07,0,0
Norway,2020-06-06,27,0
Norway,2020-06-04,0,0
Norway,2020-06-02,0,0
Norway,2020-06-01,0,0
Norway,2020-05-31,0,0
Norway,2020-05-30,10,0
Norway,2020-05-28,19,0
Norway,2020-05-27,12,0
Norway,2020-05-26,43,0
Norway,2020-05-25,0,0
Norway,2020-05-24,0,0
Norway,2020-05-22,0,0
Norway,2020-05-20,8,0
Norway,2020-05-18,0,0
Norway,2020-05-17,0,0
Norway,2020-05-16,22,0
Norway,2020-05-10,35,0
Norway,2020-05-08,42,0
Norway,2020-05-07,50,0
Norway,2020-05-05,38,0
Norway,2020-05-03,0,0
Norway,2020-05-02,49,0
Norway,2020-04-28,28,0
Norway,2020-04-27,38,0
Norway,2020-04-21,45,0
Norway,2020-04-18,0,0
Norway,2020-03-23,206,0
Norway,2020-03-22,184,0
Norway,2020-03-19,115,0
Norway,2020-03-18,139,0
Norway,2020-03-16,170,0
Norway,2020-03-15,286,0
Norway,2020-03-14,0,0
Norway,2020-03-12,212,0
Norway,2020-03-11,85,0
Norway,2020-03-10,23,0
Norway,2020-03-09,22,0
Norway,2020-03-08,34,0
Norway,2020-03-07,27,0
Norway,2020-03-06,30,0
Norway,2020-03-05,23,0
Norway,2020-03-04,8,0
Norway,2020-03-03,6,0
Norway,2020-03-02,4,0
Norway,2020-03-01,9,0
Norway,2020-02-29,2,0
Norway,2020-02-28,3,0
Norway,2020-02-27,1,0
Norway,2020-02-26,0,0
Norway,2020-02-25,0,0
Norway,2020-02-24,0,0
Norway,2020-02-23,0,0
Norway,2020-02-22,0,0
Norway,2020-02-21,0,0
Norway,2020-02-20,0,0
Norway,2020-02-19,0,0
Norway,2020-02-18,0,0
Norway,2020-02-17,0,0
Norway,2020-02-16,0,0
Norway,2020-02-15,0,0
Norway,2020-02-14,0,0
Norway,2020-02-13,0,0
Norway,2020-02-12,0,0
Norway,2020-02-11,0,0
Norway,2020-02-10,0,0
Norway,2020-02-09,0,0
Norway,2020-02-08,0,0
Norway,2020-02-07,0,0
Norway,2020-02-06,0,0
Norway,2020-02-05,0,0
Norway,2020-02-04,0,0
Norway,2020-02-03,0,0
Norway,2020-02-02,0,0
Norway,2020-02-01,0,0
Norway,2020-01-31,0,0
Norway,2020-01-30,0,0
Norway,2020-01-29,0,0
Norway,2020-01-28,0,0
Norway,2020-01-27,0,0
Norway,2020-01-26,0,0
Norway,2020-01-25,0,0
Norway,2020-01-24,0,0
Norway,2020-01-23,0,0
Norway,2020-01-22,0,0
Norway,2020-01-21,0,0
Norway,2020-01-20,0,0
Norway,2020-01-19,0,0
Norway,2020-01-18,0,0
Norway,2020-01-17,0,0
Norway,2020-01-16,0,0
Norway,2020-01-15,0,0
Norway,2020-01-14,0,0
Norway,2020-01-13,0,0
Norway,2020-01-12,0,0
Norway,2020-01-11,0,0
Norway,2020-01-10,0,0
Norway,2020-01-09,0,0
Norway,2020-01-08,0,0
Norway,2020-01-07,0,0
Norway,2020-01-06,0,0
Norway,2020-01-05,0,0
Norway,2020-01-04,0,0
Norway,2020-01-03,0,0
Norway,2020-01-02,0,0
Norway,2020-01-01,0,0
Norway,2019-12-31,0,0
Norway,2020-06-19,32,1
Norway,2020-06-18,29,1
Norway,2020-06-09,43,1
Norway,2020-06-05,31,1
Norway,2020-06-03,35,1
Norway,2020-05-29,18,1
Norway,2020-05-23,41,1
Norway,2020-05-21,11,1
Norway,2020-05-19,52,1
Norway,2020-05-14,23,1
Norway,2020-05-06,56,1
Norway,2020-04-07,115,1
Norway,2020-03-24,239,1
Norway,2020-03-21,190,1
Norway,2020-03-13,132,1
Norway,2020-05-01,43,2
Norway,2020-04-29,72,2
Norway,2020-04-26,59,2
Norway,2020-04-04,273,2
Norway,2020-04-01,221,2
Norway,2020-03-30,257,2
Norway,2020-03-28,425,2
Norway,2020-03-27,240,2
Norway,2020-03-26,350,2
Norway,2020-03-25,195,2
Norway,2020-03-17,92,2
Norway,2020-06-12,18,3
Norway,2020-05-15,17,3
Norway,2020-04-16,111,3
Norway,2020-03-20,129,3
Norway,2020-05-13,29,4
Norway,2020-05-11,30,4
Norway,2020-05-09,39,4
Norway,2020-05-04,50,4
Norway,2020-04-11,84,4
Norway,2020-04-02,218,4
Norway,2020-03-31,124,4
Norway,2020-03-29,264,4
Norway,2020-04-13,95,5
Norway,2020-04-23,84,6
Norway,2020-04-20,84,6
Norway,2020-04-17,114,6
Norway,2020-04-12,76,6
Norway,2020-04-05,302,6
Norway,2020-05-12,7,7
Norway,2020-04-30,62,7
Norway,2020-04-10,150,8
Norway,2020-04-06,130,8
Norway,2020-04-22,53,9
Norway,2020-04-08,108,10
Norway,2020-04-03,270,10
